lon,lat,M,time_string,depth,catalog_id,event_id
-117.43017,35.616665,4.73,2019-07-06T03:22:35.630000,9.35,-1,
-117.7365,35.891,4.64,2019-07-06T03:22:48.300000,9.1,-1,
-117.617836,35.803165,4.84,2019-07-06T03:23:50.720000,11.44,-1,
-117.67083,35.86067,4.61,2019-07-06T03:25:27.970000,10.32,-1,
-117.72583,35.913834,4.5,2019-07-06T03:27:07.010000,8.0,-1,
-117.431335,35.530334,4.57,2019-07-06T03:27:11.370000,3.83,-1,
-117.7115,35.902832,4.51,2019-07-06T03:29:32.080000,3.18,-1,
-117.35817,35.556667,4.49,2019-07-06T03:30:25.050000,8.71,-1,
-117.73033,35.890335,4.17,2019-07-06T03:32:46.660000,6.15,-1,
-117.505165,35.714832,4.13,2019-07-06T03:33:09.850000,1.74,-1,
-117.466835,35.65217,4.09,2019-07-06T03:35:05.420000,1.97,-1,
-117.73383,35.902832,4.35,2019-07-06T03:36:16.460000,7.27,-1,
-117.722,35.892334,3.98,2019-07-06T03:41:38.650000,7.87,-1,
-117.693,35.9045,3.96,2019-07-06T03:44:17.670000,6.44,-1,
-117.47034,35.6805,4.26,2019-07-06T03:46:26.870000,6.85,-1,
-117.7495,35.901165,5.5,2019-07-06T03:47:53.420000,5.04,-1,
-117.69,35.9025,3.98,2019-07-06T03:48:24.660000,0.5,-1,
-117.700165,35.9035,4.97,2019-07-06T03:50:59.710000,8.26,-1,
-117.6875,35.9055,4.06,2019-07-06T03:55:20.020000,8.43,-1,
-117.66133,35.869,4.31,2019-07-06T03:57:50.900000,7.21,-1,
-117.70883,35.917,3.9,2019-07-06T04:05:49.900000,2.34,-1,
-117.37383,35.578,3.79,2019-07-06T04:06:14.580000,5.91,-1,
-117.52167,35.55517,4.68,2019-07-06T04:07:04.570000,5.64,-1,
-117.58083,35.777668,3.85,2019-07-06T04:10:49.040000,10.41,-1,
-117.69067,35.902332,3.83,2019-07-06T04:11:02.210000,7.27,-1,
-117.72283,35.887333,3.87,2019-07-06T04:12:18.850000,9.17,-1,
-117.6145,35.584667,4.8,2019-07-06T04:13:07.080000,9.73,-1,
-117.402664,35.604168,3.84,2019-07-06T04:14:20.800000,6.72,-1,
-117.49067,35.6795,3.74,2019-07-06T04:14:31.370000,0.91,-1,
-117.68483,35.910168,5.44,2019-07-06T04:18:55.790000,7.41,-1,
-117.6175,35.785,4.49,2019-07-06T04:19:15.470000,10.6,-1,
-117.717,35.885,3.83,2019-07-06T04:19:54.940000,4.9,-1,
-117.40417,35.580833,4.01,2019-07-06T04:19:56.010000,5.18,-1,
-117.70883,35.924667,3.68,2019-07-06T04:20:28.200000,2.76,-1,
-117.61217,35.778667,4.17,2019-07-06T04:21:35.820000,2.59,-1,
-117.69117,35.861168,3.64,2019-07-06T04:22:16.200000,7.72,-1,
-117.6995,35.897667,3.65,2019-07-06T04:24:40.670000,7.41,-1,
-117.549,35.674168,3.67,2019-07-06T04:24:43.320000,7.96,-1,
-117.63067,35.7955,3.6,2019-07-06T04:29:02.200000,2.82,-1,
-117.395836,35.565666,3.75,2019-07-06T04:31:19.460000,3.36,-1,
-117.6625,35.8285,3.61,2019-07-06T04:33:50.060000,2.97,-1,
-117.706665,35.86883,3.8,2019-07-06T04:36:50.230000,2.76,-1,
-117.73766,35.9,4.89,2019-07-06T04:36:55.310000,1.9,-1,
-117.74533,35.91,4.33,2019-07-06T04:37:13.570000,8.01,-1,
-117.44566,35.642834,4.24,2019-07-06T04:40:15.980000,2.88,-1,
-117.72483,35.899334,3.61,2019-07-06T04:41:03.050000,5.62,-1,
-117.72417,35.905167,3.56,2019-07-06T04:45:36.470000,4.51,-1,
-117.73016,35.8815,3.71,2019-07-06T04:49:42.550000,8.06,-1,
-117.613335,35.79067,3.68,2019-07-06T04:50:04.100000,7.19,-1,
-117.732,35.896,3.72,2019-07-06T04:50:16.120000,7.18,-1,
-117.73233,35.8895,3.54,2019-07-06T04:52:04.010000,5.37,-1,
-117.6945,35.877335,4.47,2019-07-06T04:52:17.710000,3.32,-1,
-117.73534,35.896667,3.54,2019-07-06T04:53:03.960000,6.77,-1,
-117.6595,35.875,3.98,2019-07-06T04:53:41.990000,6.86,-1,
-117.5275,35.592167,3.66,2019-07-06T04:53:45.340000,9.9,-1,
-117.57066,35.707333,4.03,2019-07-06T04:58:36.690000,2.9,-1,
-117.71267,35.8925,3.51,2019-07-06T05:03:07.180000,2.43,-1,
-117.69483,35.879333,3.63,2019-07-06T05:04:19.720000,7.37,-1,
-117.69783,35.880665,3.61,2019-07-06T05:04:23.380000,5.67,-1,
-117.56367,35.717,3.67,2019-07-06T05:08:11.260000,7.99,-1,
-117.5785,35.752666,3.44,2019-07-06T05:09:31.790000,3.16,-1,
-117.72183,35.891834,3.51,2019-07-06T05:10:09.260000,4.02,-1,
-117.660835,35.8755,3.97,2019-07-06T05:13:14.990000,7.14,-1,
-117.744835,35.912834,3.52,2019-07-06T05:15:37.240000,8.56,-1,
-117.6775,35.833,4.29,2019-07-06T05:25:04.870000,3.43,-1,
-117.561,35.733166,3.5,2019-07-06T05:25:36.710000,6.77,-1,
-117.46017,35.64683,3.45,2019-07-06T05:26:53,3.11,-1,
-117.6735,35.856335,3.44,2019-07-06T05:27:05.020000,2.69,-1,
-117.65867,35.850166,3.48,2019-07-06T05:28:43.140000,10.97,-1,
-117.682,35.855,3.39,2019-07-06T05:31:56.580000,8.65,-1,
-117.679665,35.844166,3.61,2019-07-06T05:32:59.940000,7.73,-1,
-117.6685,35.886166,3.38,2019-07-06T05:33:13.660000,2.45,-1,
-117.62717,35.799,3.44,2019-07-06T05:39:14.300000,9.77,-1,
-117.604164,35.783833,3.56,2019-07-06T05:41:32.240000,2.95,-1,
-117.419,35.558666,3.66,2019-07-06T05:41:36.030000,8.89,-1,
-117.557335,35.77717,3.78,2019-07-06T05:41:48.390000,10.9,-1,
-117.711334,35.922832,3.44,2019-07-06T05:44:08.930000,3.43,-1,
-117.669334,35.900333,3.35,2019-07-06T05:44:17.230000,9.09,-1,
-117.713,35.914333,3.39,2019-07-06T05:51:49.700000,3.75,-1,
-117.403,35.605835,3.62,2019-07-06T05:52:05.350000,5.35,-1,
-117.691666,35.932335,4.15,2019-07-06T05:58:17.570000,1.86,-1,
-117.67516,35.868668,3.45,2019-07-06T05:58:45.840000,7.56,-1,
-117.574,35.737667,3.57,2019-07-06T05:59:44.190000,3.12,-1,
-117.3465,35.5535,3.5,2019-07-06T06:00:57.770000,4.31,-1,
-117.7385,35.911,4.63,2019-07-06T06:01:51.800000,4.99,-1,
-117.70734,35.887833,3.46,2019-07-06T06:04:34.100000,4.8,-1,
-117.3635,35.577168,3.53,2019-07-06T06:07:08.680000,3.81,-1,
-117.42083,35.623333,3.37,2019-07-06T06:07:40.070000,6.36,-1,
-117.37517,35.581333,4.27,2019-07-06T06:12:52,5.45,-1,
-117.47034,35.67317,3.33,2019-07-06T06:14:15.680000,7.25,-1,
-117.68916,35.8795,3.45,2019-07-06T06:17:20.990000,2.78,-1,
-117.684,35.919167,3.55,2019-07-06T06:18:11.250000,8.98,-1,
-117.65567,35.81983,3.45,2019-07-06T06:18:45.970000,2.19,-1,
-117.70267,35.874,3.42,2019-07-06T06:26:53.340000,5.68,-1,
-117.5305,35.707,3.3,2019-07-06T06:28:57.500000,10.08,-1,
-117.666664,35.87,3.31,2019-07-06T06:30:45.870000,6.94,-1,
-117.68684,35.8785,3.72,2019-07-06T06:31:00.730000,4.3,-1,
-117.722664,35.88933,3.55,2019-07-06T06:31:55.320000,4.65,-1,
-117.72483,35.892666,4.05,2019-07-06T06:34:47.410000,8.17,-1,
-117.63783,35.804165,3.9,2019-07-06T06:41:15.060000,7.51,-1,
-117.61933,35.790333,3.24,2019-07-06T06:47:08.020000,4.86,-1,
-117.64667,35.866165,3.57,2019-07-06T06:47:10.840000,6.77,-1,
-117.6945,35.925835,3.32,2019-07-06T06:49:28.910000,3.45,-1,
-117.48434,35.68717,3.39,2019-07-06T06:50:36.520000,6.93,-1,
-117.39833,35.560165,3.77,2019-07-06T06:52:25.970000,3.76,-1,
-117.49467,35.671833,3.4,2019-07-06T06:53:09.890000,1.76,-1,
-117.480835,35.68667,3.25,2019-07-06T06:56:21.180000,8.33,-1,
-117.7105,35.862667,3.24,2019-07-06T06:57:47.530000,8.86,-1,
-117.54867,35.676334,3.46,2019-07-06T06:59:59.430000,1.6,-1,
-117.53533,35.656834,3.46,2019-07-06T07:03:14.700000,9.18,-1,
-117.7315,35.89,3.88,2019-07-06T07:04:42.040000,4.8,-1,
-117.73067,35.889168,3.56,2019-07-06T07:05:21.030000,5.96,-1,
-117.74883,35.905,3.22,2019-07-06T07:09:56.770000,6.22,-1,
-117.50667,35.705,3.34,2019-07-06T07:15:26.440000,9.02,-1,
-117.748,35.92433,3.75,2019-07-06T07:16:03.150000,2.33,-1,
-117.505,35.704334,3.62,2019-07-06T07:31:14.490000,2.01,-1,
-117.612335,35.783333,3.21,2019-07-06T07:34:59.650000,6.98,-1,
-117.58483,35.732,3.44,2019-07-06T07:36:23.540000,8.49,-1,
-117.479,35.66,3.33,2019-07-06T07:46:30.340000,2.17,-1,
-117.55717,35.703667,3.21,2019-07-06T07:50:01.980000,2.98,-1,
-117.383,35.55,3.43,2019-07-06T07:50:15.380000,2.85,-1,
-117.630165,35.803333,3.24,2019-07-06T07:52:11.720000,2.92,-1,
-117.729,35.884834,3.73,2019-07-06T07:52:24.520000,5.54,-1,
-117.55766,35.705166,3.87,2019-07-06T07:54:46.580000,8.49,-1,
-117.475,35.674667,3.55,2019-07-06T07:56:03.660000,2.0,-1,
-117.501,35.6705,3.24,2019-07-06T08:01:00.680000,1.31,-1,
-117.718834,35.9135,3.62,2019-07-06T08:10:50.090000,2.5,-1,
-117.333,35.654335,3.42,2019-07-06T08:26:49.730000,6.91,-1,
-117.407166,35.63117,3.51,2019-07-06T08:28:33.730000,2.52,-1,
-117.72283,35.89517,3.23,2019-07-06T08:31:09.330000,4.18,-1,
-117.49133,35.639,4.56,2019-07-06T08:32:57.550000,3.14,-1,
-117.7115,35.92267,3.12,2019-07-06T08:39:42.800000,1.84,-1,
-117.4175,35.607166,3.22,2019-07-06T08:40:30.700000,4.23,-1,
-117.50767,35.703,3.42,2019-07-06T08:41:33.060000,2.43,-1,
-117.597,35.677834,3.3,2019-07-06T08:46:32.640000,5.47,-1,
-117.67284,35.863335,3.26,2019-07-06T08:59:09.280000,2.74,-1,
-117.38783,35.602165,3.6,2019-07-06T08:59:55.720000,6.72,-1,
-117.3855,35.549835,3.96,2019-07-06T08:59:57.510000,3.71,-1,
-117.733665,35.898167,3.22,2019-07-06T09:00:56.150000,2.83,-1,
-117.472,35.671333,3.38,2019-07-06T09:06:21.770000,2.85,-1,
-117.729836,35.882,3.41,2019-07-06T09:08:03.370000,4.56,-1,
-117.72366,35.87417,3.07,2019-07-06T09:20:59.370000,6.69,-1,
-117.571,35.7475,3.13,2019-07-06T09:21:23.010000,3.99,-1,
-117.6315,35.8,3.59,2019-07-06T09:24:23.270000,3.21,-1,
-117.58466,35.6155,3.53,2019-07-06T09:27:08.530000,9.91,-1,
-117.727165,35.898,4.89,2019-07-06T09:28:28.980000,3.95,-1,
-117.71733,35.8815,4.7,2019-07-06T09:29:20.970000,5.64,-1,
-117.73233,35.909832,4.49,2019-07-06T09:30:41.240000,4.15,-1,
-117.722,35.875168,3.33,2019-07-06T09:33:25.100000,7.68,-1,
-117.725,35.890335,3.57,2019-07-06T09:33:59.770000,3.78,-1,
-117.71083,35.884666,3.51,2019-07-06T09:34:27.970000,4.61,-1,
-117.705,35.86883,3.24,2019-07-06T09:36:39.400000,4.32,-1,
-117.6275,35.80633,3.34,2019-07-06T09:46:39.950000,2.8,-1,
-117.71616,35.878,3.41,2019-07-06T09:48:29.770000,2.09,-1,
-117.71933,35.892166,3.3,2019-07-06T09:49:33.340000,6.94,-1,
-117.59133,35.702168,3.07,2019-07-06T09:50:43.330000,2.88,-1,
-117.6015,35.780334,3.14,2019-07-06T09:51:16.600000,16.97,-1,
-117.704834,35.951168,3.08,2019-07-06T09:57:34.860000,1.92,-1,
-117.708336,35.877335,3.75,2019-07-06T09:59:26.640000,5.91,-1,
-117.59866,35.72817,3.22,2019-07-06T10:02:37.250000,7.67,-1,
-117.54266,35.672333,3.09,2019-07-06T10:05:20.260000,4.1,-1,
-117.72867,35.898335,3.43,2019-07-06T10:05:32.650000,2.67,-1,
-117.67983,35.854168,3.2,2019-07-06T10:08:02.580000,8.54,-1,
-117.617,35.7895,3.02,2019-07-06T10:08:27.030000,8.54,-1,
-117.51984,35.5705,3.52,2019-07-06T10:09:18.170000,8.9,-1,
-117.694,35.887665,3.23,2019-07-06T10:25:07.030000,2.62,-1,
-117.72683,35.898,3.19,2019-07-06T10:25:23.970000,4.04,-1,
-117.55317,35.686,3.21,2019-07-06T10:27:59.540000,8.61,-1,
-117.728836,35.902668,3.03,2019-07-06T10:28:43.080000,4.29,-1,
-117.4545,35.648834,3.53,2019-07-06T10:31:43.920000,2.99,-1,
-117.35616,35.5565,3.36,2019-07-06T10:35:18.100000,9.21,-1,
-117.523,35.683,3.1,2019-07-06T10:36:10.610000,1.17,-1,
-117.69717,35.883835,3.13,2019-07-06T10:37:09.190000,3.09,-1,
-117.381165,35.610832,3.82,2019-07-06T10:37:27.910000,-0.83,-1,
-117.55133,35.673,3.4,2019-07-06T10:40:24.670000,1.15,-1,
-117.69833,35.885666,3.19,2019-07-06T10:41:26.380000,7.01,-1,
-117.372,35.5785,4.04,2019-07-06T10:48:24.460000,5.6,-1,
-117.70267,35.924835,3.47,2019-07-06T10:49:48.610000,1.12,-1,
-117.70883,35.863167,3.51,2019-07-06T10:50:46.620000,7.44,-1,
-117.6305,35.821167,3.19,2019-07-06T10:59:24.200000,11.24,-1,
-117.62283,35.792667,3.84,2019-07-06T11:06:43.350000,3.7,-1,
-117.71467,35.892666,3.03,2019-07-06T11:11:41.910000,1.7,-1,
-117.465164,35.64633,3.68,2019-07-06T11:15:20.780000,-0.2,-1,
-117.702,35.925,3.17,2019-07-06T11:31:09.900000,1.38,-1,
-117.6655,35.8345,3.35,2019-07-06T11:45:11.460000,4.46,-1,
-117.733665,35.895332,4.12,2019-07-06T11:53:08.090000,2.1,-1,
-117.73517,35.899834,3.22,2019-07-06T11:54:54.020000,1.72,-1,
-117.731,35.886166,3.48,2019-07-06T12:04:59.420000,5.13,-1,
-117.62783,35.788,3.28,2019-07-06T12:05:21.400000,7.39,-1,
-117.589165,35.781834,3.03,2019-07-06T12:12:35.730000,8.6,-1,
-117.5815,35.76,3.54,2019-07-06T12:20:59.070000,7.74,-1,
-117.593666,35.8075,3.5,2019-07-06T12:29:19.930000,6.51,-1,
-117.43767,35.618,2.97,2019-07-06T12:36:30.380000,8.1,-1,
-117.65583,35.902,3.29,2019-07-06T12:40:46.010000,7.31,-1,
-117.6715,35.85367,3.06,2019-07-06T12:48:42.950000,7.78,-1,
-117.3945,35.602665,3.2,2019-07-06T12:49:39.220000,7.08,-1,
-117.72683,35.896667,3.22,2019-07-06T12:55:24.810000,3.58,-1,
-117.70717,35.874832,2.98,2019-07-06T13:00:44.220000,4.23,-1,
-117.705,35.928333,4.5,2019-07-06T13:06:55.260000,2.37,-1,
-117.44984,35.607334,3.1,2019-07-06T13:08:11.940000,10.13,-1,
-117.62566,35.796665,3.05,2019-07-06T13:09:19.920000,2.63,-1,
-117.51783,35.649,3.17,2019-07-06T13:16:57.790000,9.86,-1,
-117.56067,35.70883,2.92,2019-07-06T13:27:38.700000,0.96,-1,
-117.488,35.6745,3.65,2019-07-06T13:32:59.560000,1.31,-1,
-117.69,35.8995,3.23,2019-07-06T13:34:46.240000,0.85,-1,
-117.68483,35.862335,3.43,2019-07-06T13:36:26.860000,7.45,-1,
-117.43017,35.5525,2.88,2019-07-06T13:39:52.790000,2.58,-1,
-117.42284,35.587334,3.17,2019-07-06T13:41:42.790000,5.8,-1,
-117.478836,35.61767,3.64,2019-07-06T13:43:18.770000,7.36,-1,
-117.703,35.863167,3.54,2019-07-06T13:55:51.170000,6.99,-1,
-117.63367,35.816334,3.03,2019-07-06T14:30:07.680000,6.38,-1,
-117.43183,35.6345,3.12,2019-07-06T14:33:30.680000,2.85,-1,
-117.51683,35.667667,3.3,2019-07-06T15:07:06.010000,6.94,-1,
-117.47017,35.662334,3.04,2019-07-06T15:08:22.030000,5.27,-1,
-117.724335,35.883335,3.3,2019-07-06T15:09:15.280000,3.78,-1,
-117.593666,35.876,2.87,2019-07-06T15:10:51.400000,0.03,-1,
-117.56267,35.651165,3.08,2019-07-06T15:12:01.460000,3.6,-1,
-117.7265,35.88933,2.84,2019-07-06T15:19:53.400000,3.99,-1,
-117.73583,35.90167,3.46,2019-07-06T15:22:26.680000,2.34,-1,
-117.663666,35.845833,3.15,2019-07-06T15:23:28.590000,8.15,-1,
-117.564835,35.711,2.83,2019-07-06T15:25:58.270000,0.72,-1,
-117.554,35.693165,3.35,2019-07-06T15:30:49.940000,8.29,-1,
-117.708336,35.880333,3.19,2019-07-06T15:32:43.790000,4.05,-1,
-117.88316,36.11017,3.07,2019-07-06T15:45:10.890000,7.19,-1,
-117.827835,36.097168,3.58,2019-07-06T15:45:46.020000,1.74,-1,
-117.68266,35.900333,2.84,2019-07-06T15:49:16.960000,2.59,-1,
-117.70067,35.880665,3.53,2019-07-06T15:59:29.270000,2.13,-1,
-117.394,35.592335,3.32,2019-07-06T16:01:08.230000,4.07,-1,
-117.54567,35.686,3.37,2019-07-06T16:07:25.710000,2.93,-1,
-117.841835,36.078667,3.11,2019-07-06T16:10:10.240000,0.6,-1,
-117.41483,35.609165,3.16,2019-07-06T16:12:25.210000,3.02,-1,
-117.53183,35.6795,3.06,2019-07-06T16:31:50.730000,4.69,-1,
-117.523,35.5705,4.06,2019-07-06T16:36:05.820000,10.05,-1,
-117.376,35.595333,3.46,2019-07-06T16:38:01.350000,3.92,-1,
-117.90033,36.0835,2.92,2019-07-06T16:40:46.390000,0.26,-1,
-117.7165,35.877335,3.51,2019-07-06T16:42:05.130000,2.99,-1,
-117.73116,35.884666,2.97,2019-07-06T16:47:21.470000,5.24,-1,
-117.273,35.960835,3.27,2019-07-06T17:09:01.490000,2.87,-1,
-117.434,35.6365,3.07,2019-07-06T17:14:17.330000,2.72,-1,
-117.36,35.572,3.02,2019-07-06T17:18:21.440000,2.24,-1,
-117.61584,35.780834,3.07,2019-07-06T17:31:22.200000,7.33,-1,
-117.716835,35.871666,3.98,2019-07-06T17:41:33.190000,7.74,-1,
-117.70267,35.866665,2.86,2019-07-06T17:42:38.320000,10.76,-1,
-117.734665,35.899666,3.9,2019-07-06T17:59:14.840000,3.01,-1,
-117.71567,35.917835,3.27,2019-07-06T18:13:16.120000,2.11,-1,
-117.327,35.447166,3.54,2019-07-06T18:19:39.620000,4.0,-1,
-117.38917,35.59667,3.11,2019-07-06T18:23:08.680000,2.09,-1,
-117.55817,35.71583,3.32,2019-07-06T18:30:39.790000,5.46,-1,
-117.719666,35.886665,2.92,2019-07-06T18:33:51.560000,2.92,-1,
-117.73917,35.906334,3.72,2019-07-06T18:36:50,2.23,-1,
-117.558,35.7525,2.76,2019-07-06T18:39:57.660000,4.35,-1,
-117.4645,35.6515,3.87,2019-07-06T18:46:26.290000,3.95,-1,
-117.4825,35.697666,3.19,2019-07-06T18:47:46.380000,3.62,-1,
-117.58217,35.6285,3.28,2019-07-06T18:56:39.210000,9.15,-1,
-117.67717,35.900166,3.07,2019-07-06T18:58:59.290000,3.25,-1,
-117.40667,35.57,3.0,2019-07-06T18:59:41.600000,6.49,-1,
-117.593,35.728,2.76,2019-07-06T19:16:03.040000,11.91,-1,
-117.8375,36.111168,2.87,2019-07-06T19:35:10.600000,3.33,-1,
-117.678665,35.901165,3.03,2019-07-06T19:37:33.160000,2.06,-1,
-117.50267,35.658,2.96,2019-07-06T19:37:59.750000,2.6,-1,
-117.72317,35.891834,3.34,2019-07-06T19:46:23.810000,3.87,-1,
-117.724335,35.89467,2.8,2019-07-06T19:48:08.940000,2.69,-1,
-117.684,35.861,3.47,2019-07-06T19:49:04.560000,6.74,-1,
-117.72667,35.896,3.3,2019-07-06T19:54:29.840000,4.39,-1,
-117.7035,35.91083,2.87,2019-07-06T20:16:37.170000,6.12,-1,
-117.63734,35.8105,3.06,2019-07-06T20:22:34.170000,6.64,-1,
-117.72784,35.927666,2.84,2019-07-06T20:34:12.230000,2.03,-1,
-117.67184,35.874332,2.8,2019-07-06T20:36:17.550000,6.64,-1,
-117.513,35.6915,3.37,2019-07-06T20:41:30.690000,1.73,-1,
-117.7205,35.910168,2.89,2019-07-06T21:02:48.510000,1.87,-1,
-117.608665,35.727665,3.52,2019-07-06T21:05:24.700000,5.92,-1,
-117.277,35.963833,3.19,2019-07-06T21:07:44.770000,1.82,-1,
-117.7125,35.9145,2.87,2019-07-06T21:12:54.960000,7.21,-1,
-117.331665,35.56217,2.71,2019-07-06T21:14:35.530000,1.67,-1,
-117.67133,35.902,3.13,2019-07-06T21:14:59.810000,2.57,-1,
-117.68117,35.894665,3.0,2019-07-06T21:28:41.920000,2.04,-1,
-117.47933,35.691166,2.95,2019-07-06T21:41:25.310000,5.1,-1,
-117.52817,35.705166,2.73,2019-07-06T21:54:00.180000,9.97,-1,
-117.45783,35.620335,2.74,2019-07-06T22:01:22.160000,2.4,-1,
-117.45883,35.628834,3.03,2019-07-06T22:04:09.600000,2.68,-1,
-117.85616,36.0285,2.89,2019-07-06T22:22:43.810000,2.02,-1,
-117.4385,35.617832,2.68,2019-07-06T22:23:49.850000,0.19,-1,
-117.495,35.712,2.86,2019-07-06T22:26:59.370000,1.88,-1,
-117.72,35.910168,2.78,2019-07-06T22:30:48.170000,1.42,-1,
-117.45133,35.634335,3.08,2019-07-06T22:51:35.800000,3.1,-1,
-117.70734,35.907833,2.71,2019-07-06T23:17:36,2.6,-1,
-117.50933,35.700333,3.71,2019-07-06T23:21:34.180000,6.85,-1,
-117.702835,35.873333,2.79,2019-07-06T23:22:58.330000,4.19,-1,
-117.589836,35.776833,3.24,2019-07-06T23:26:22.060000,1.0,-1,
-117.73233,35.886833,2.93,2019-07-06T23:32:33.270000,2.92,-1,
-117.66233,35.873665,3.49,2019-07-06T23:34:09.840000,5.25,-1,
-117.8465,36.033833,3.37,2019-07-06T23:38:31.950000,-0.62,-1,
-117.663,35.8235,4.5,2019-07-06T23:50:41.990000,6.51,-1,
-117.65867,35.82033,3.5,2019-07-06T23:56:34.620000,5.84,-1,
-117.52417,35.683,2.95,2019-07-07T00:08:56.770000,8.43,-1,
-117.507,35.6615,2.71,2019-07-07T00:38:00.370000,5.97,-1,
-117.66433,35.826668,3.47,2019-07-07T00:41:52.070000,3.02,-1,
-117.61417,35.773834,2.73,2019-07-07T00:52:49.590000,2.01,-1,
-117.45067,35.6475,3.05,2019-07-07T00:53:51.270000,9.84,-1,
-117.511665,35.669334,3.42,2019-07-07T01:05:06.940000,2.28,-1,
-117.722664,35.889,2.81,2019-07-07T01:19:18.440000,2.84,-1,
-117.458,35.644165,2.7,2019-07-07T01:22:34.960000,2.43,-1,
-117.732666,35.915165,3.29,2019-07-07T01:23:55.550000,2.63,-1,
-117.53433,35.6885,3.25,2019-07-07T01:30:52.520000,6.54,-1,
-117.71183,35.951168,2.98,2019-07-07T01:32:22.980000,1.57,-1,
-117.56517,35.724,2.75,2019-07-07T01:48:36.200000,6.52,-1,
-117.5935,35.791668,3.6,2019-07-07T02:06:04.400000,6.98,-1,
-117.40466,35.597668,3.24,2019-07-07T02:10:48.870000,6.09,-1,
-117.46933,35.602833,3.64,2019-07-07T02:17:01.890000,4.27,-1,
-117.2865,35.979,2.85,2019-07-07T02:29:28.350000,2.96,-1,
-117.484665,35.655167,2.83,2019-07-07T02:42:17.280000,2.95,-1,
-117.506165,35.6645,2.7,2019-07-07T02:51:47.950000,2.49,-1,
-117.6335,35.803,3.39,2019-07-07T02:59:17.480000,2.64,-1,
-117.591,35.747334,3.62,2019-07-07T03:13:12.490000,6.51,-1,
-117.69583,35.881668,2.78,2019-07-07T03:20:46.610000,1.88,-1,
-117.71384,35.873165,3.36,2019-07-07T03:23:26.720000,6.82,-1,
-117.695,35.949165,2.96,2019-07-07T03:50:50.450000,1.23,-1,
-117.61217,35.580334,3.29,2019-07-07T04:26:57.600000,9.61,-1,
-117.6155,35.781,2.89,2019-07-07T04:48:17.400000,2.92,-1,
-117.52533,35.69483,3.12,2019-07-07T04:56:31.320000,6.39,-1,
-117.73617,35.912,2.77,2019-07-07T05:10:48.290000,0.37,-1,
-117.577835,35.768166,4.52,2019-07-07T05:38:15.480000,10.57,-1,
-117.83933,36.042168,2.65,2019-07-07T05:41:51.930000,2.13,-1,
-117.523834,35.66567,3.45,2019-07-07T06:07:06.510000,7.01,-1,
-117.64716,35.813168,2.63,2019-07-07T06:09:36.790000,2.8,-1,
-117.92083,36.112167,2.74,2019-07-07T06:10:14.660000,4.94,-1,
-117.545166,35.699333,2.73,2019-07-07T06:15:08.130000,2.64,-1,
-117.572,35.753334,2.97,2019-07-07T06:16:32.810000,4.16,-1,
-117.66033,35.816833,2.69,2019-07-07T06:41:13.510000,8.17,-1,
-117.736,35.919334,2.8,2019-07-07T06:44:44.670000,1.67,-1,
-117.45417,35.6455,3.24,2019-07-07T06:57:27.880000,2.69,-1,
-117.4385,35.616665,3.55,2019-07-07T07:09:38.840000,2.98,-1,
-117.708664,35.908833,3.18,2019-07-07T07:13:02.640000,1.76,-1,
-117.642,35.780167,3.44,2019-07-07T07:19:14.440000,8.24,-1,
-117.53933,35.690834,3.45,2019-07-07T07:20:26.150000,6.63,-1,
-117.587166,35.754166,2.78,2019-07-07T07:22:21.820000,3.47,-1,
-117.70067,35.907833,2.78,2019-07-07T07:25:34.870000,2.28,-1,
-117.4755,34.158833,2.72,2019-07-07T07:27:37.920000,7.05,-1,
-117.64433,35.827,3.0,2019-07-07T07:31:06.700000,6.96,-1,
-117.87566,36.165,2.77,2019-07-07T07:37:51.690000,2.86,-1,
-117.470665,35.604168,2.58,2019-07-07T07:43:51.590000,10.43,-1,
-117.672,35.85367,2.55,2019-07-07T08:02:17.280000,4.9,-1,
-117.85183,36.0855,3.68,2019-07-07T08:03:25.590000,0.46,-1,
-117.65833,35.868,2.57,2019-07-07T08:13:36.590000,6.87,-1,
-117.715164,35.88983,2.56,2019-07-07T08:15:49,2.09,-1,
-117.346,35.594833,2.77,2019-07-07T08:18:02.060000,1.51,-1,
-117.48067,35.6705,2.59,2019-07-07T08:28:43.760000,1.42,-1,
-117.716,35.920166,2.57,2019-07-07T08:30:05.310000,2.51,-1,
-117.386665,35.557335,3.16,2019-07-07T08:38:27.410000,-0.83,-1,
-117.5425,35.676666,2.95,2019-07-07T08:39:05.560000,0.4,-1,
-117.720665,35.9175,3.06,2019-07-07T08:54:18.590000,2.37,-1,
-117.494,35.6815,3.22,2019-07-07T08:56:40.130000,1.15,-1,
-117.7295,35.978333,2.6,2019-07-07T09:00:01.850000,1.47,-1,
-117.55133,35.695,2.67,2019-07-07T09:02:11.550000,9.54,-1,
-117.69483,35.871,2.6,2019-07-07T09:06:11.020000,3.76,-1,
-117.520836,35.67317,3.06,2019-07-07T09:09:25.100000,7.0,-1,
-117.7025,35.932835,3.5,2019-07-07T09:10:01.720000,2.36,-1,
-117.5725,35.7595,3.12,2019-07-07T09:10:22.300000,6.25,-1,
-117.707,35.935,2.85,2019-07-07T09:11:35.930000,2.61,-1,
-117.70216,35.930668,3.05,2019-07-07T09:11:59.860000,3.05,-1,
-117.546165,35.746834,3.45,2019-07-07T09:41:23.040000,8.5,-1,
-117.51283,35.670666,2.96,2019-07-07T09:46:49.760000,3.42,-1,
-117.737,35.914665,2.75,2019-07-07T09:52:52.910000,3.04,-1,
-117.496,35.716835,3.33,2019-07-07T10:02:27.530000,3.16,-1,
-117.52417,35.674667,2.86,2019-07-07T10:02:50.510000,7.92,-1,
-117.736,35.911835,3.47,2019-07-07T10:06:13.030000,2.06,-1,
-117.69017,35.852165,2.52,2019-07-07T10:11:31.060000,3.34,-1,
-117.46633,35.659,3.48,2019-07-07T10:21:27.230000,7.83,-1,
-117.461334,35.661835,2.65,2019-07-07T10:22:08.880000,1.72,-1,
-117.562164,35.802,2.79,2019-07-07T10:24:36.460000,3.1,-1,
-117.622665,35.797333,3.38,2019-07-07T10:32:54.690000,6.39,-1,
-117.59116,35.7575,3.15,2019-07-07T10:37:45.690000,2.77,-1,
-117.61,35.635,2.53,2019-07-07T10:43:44.180000,8.93,-1,
-117.71983,35.897,2.53,2019-07-07T10:55:00.040000,4.2,-1,
-117.39833,35.60483,2.83,2019-07-07T11:01:57.210000,3.09,-1,
-117.669334,35.72983,2.73,2019-07-07T11:04:04.400000,20.04,-1,
-117.37434,35.536335,2.86,2019-07-07T11:04:04.810000,4.0,-1,
-117.9345,35.983166,2.57,2019-07-07T11:16:11.520000,3.64,-1,
-117.51183,35.678,2.69,2019-07-07T11:17:30.190000,8.69,-1,
-117.594,35.805668,4.15,2019-07-07T11:22:16.240000,10.06,-1,
-117.73333,35.915833,2.64,2019-07-07T11:29:31.150000,3.0,-1,
-117.35017,35.5675,3.49,2019-07-07T11:33:50.060000,1.21,-1,
-117.709335,35.917,3.22,2019-07-07T11:41:04.160000,1.42,-1,
-117.688835,35.9055,2.73,2019-07-07T11:56:26.230000,1.7,-1,
-117.48817,35.675835,2.66,2019-07-07T12:21:38.240000,0.27,-1,
-117.521835,35.698166,2.68,2019-07-07T12:35:41.230000,9.86,-1,
-117.48133,35.645668,3.25,2019-07-07T12:39:48.530000,3.36,-1,
-117.97583,36.175667,2.8,2019-07-07T12:48:03.220000,4.04,-1,
-117.67333,35.881832,2.54,2019-07-07T13:05:15.410000,1.07,-1,
-117.697334,35.875168,2.72,2019-07-07T13:13:14.070000,3.1,-1,
-117.692,35.896168,3.26,2019-07-07T13:23:52.330000,6.51,-1,
-117.459,35.631832,2.73,2019-07-07T13:25:46.360000,6.13,-1,
-117.5525,35.690666,2.67,2019-07-07T14:14:16.310000,9.45,-1,
-117.4235,35.644665,3.29,2019-07-07T14:21:35,4.2,-1,
-117.58466,35.656666,3.18,2019-07-07T14:28:18.850000,7.83,-1,
-117.52216,35.674,2.76,2019-07-07T14:32:03.310000,9.58,-1,
-117.68767,35.893333,2.6,2019-07-07T14:32:51.480000,11.29,-1,
-117.72833,35.872833,2.63,2019-07-07T14:33:33.560000,6.98,-1,
-117.71167,35.913834,3.6,2019-07-07T14:46:40.520000,1.81,-1,
-117.69517,35.893665,2.9,2019-07-07T14:54:53.620000,4.51,-1,
-117.41617,35.572666,2.92,2019-07-07T15:05:05,7.22,-1,
-117.703,35.914665,2.58,2019-07-07T15:12:01.500000,1.81,-1,
-117.735,35.982,2.55,2019-07-07T15:27:37.870000,1.25,-1,
-117.6695,35.840332,2.62,2019-07-07T15:30:52.530000,4.26,-1,
-117.58083,35.752335,2.57,2019-07-07T15:34:49.790000,3.56,-1,
-117.661835,35.82033,3.45,2019-07-07T15:48:11.760000,3.84,-1,
-117.69883,35.868332,3.3,2019-07-07T15:49:15.090000,3.2,-1,
-117.51683,35.68,2.89,2019-07-07T15:50:49.840000,9.85,-1,
-117.52583,35.6725,3.05,2019-07-07T16:08:00.610000,7.66,-1,
-117.428665,35.635166,2.5,2019-07-07T16:31:44.310000,4.81,-1,
-117.662,35.9035,2.71,2019-07-07T16:40:41.280000,0.11,-1,
-117.57533,35.761833,2.61,2019-07-07T17:00:46.040000,9.61,-1,
-117.693665,35.852833,2.77,2019-07-07T17:33:22.890000,6.06,-1,
-117.471,35.641666,2.87,2019-07-07T17:44:09.420000,5.72,-1,
-117.68166,35.891666,2.8,2019-07-07T17:47:25.130000,8.52,-1,
-117.71667,35.930668,2.99,2019-07-07T18:05:57.730000,1.78,-1,
-117.687,35.874,2.63,2019-07-07T18:07:36.300000,2.52,-1,
-117.73116,35.887665,3.28,2019-07-07T18:19:19.960000,4.5,-1,
-117.711334,35.916332,2.52,2019-07-07T18:27:58.820000,4.27,-1,
-117.84067,36.08217,2.59,2019-07-07T18:40:35.890000,3.69,-1,
-117.4305,35.5955,3.59,2019-07-07T18:50:02.340000,5.63,-1,
-117.472664,35.654167,3.25,2019-07-07T19:00:51.320000,2.95,-1,
-117.633,35.816833,2.59,2019-07-07T19:12:35.660000,2.3,-1,
-117.729,35.915,2.67,2019-07-07T19:24:20.500000,2.84,-1,
-117.706,35.877666,2.68,2019-07-07T19:24:54.550000,5.07,-1,
-117.665665,35.831833,2.58,2019-07-07T19:28:09.990000,3.95,-1,
-117.526,35.655,3.19,2019-07-07T19:37:10.220000,9.76,-1,
-117.70216,35.9375,2.97,2019-07-07T19:48:36.840000,1.48,-1,
-117.4975,35.668667,2.77,2019-07-07T19:51:30.620000,10.44,-1,
-117.62783,35.795,2.55,2019-07-07T20:09:08.130000,2.69,-1,
-117.702,35.903168,2.52,2019-07-07T20:14:01.250000,1.8,-1,
-117.46716,35.63933,2.65,2019-07-07T20:30:36.090000,2.55,-1,
-117.37984,35.5905,2.68,2019-07-07T20:46:12.220000,4.13,-1,
-117.59783,35.815,3.25,2019-07-07T20:46:41.240000,7.54,-1,
-117.601166,35.775333,3.45,2019-07-07T21:02:51.730000,7.87,-1,
-117.69183,35.947834,3.79,2019-07-07T21:15:29.560000,1.42,-1,
-117.691,35.939,2.74,2019-07-07T21:20:51.450000,2.38,-1,
-117.7255,35.948,2.52,2019-07-07T21:41:11.230000,1.61,-1,
-117.6875,35.857166,2.72,2019-07-07T21:41:24.710000,9.51,-1,
-117.6915,35.941666,2.83,2019-07-07T22:00:51.020000,1.87,-1,
-117.453,35.650166,2.79,2019-07-07T22:07:48.580000,2.87,-1,
-117.5185,35.5725,2.8,2019-07-07T22:23:08.550000,9.75,-1,
-117.679665,35.9285,2.76,2019-07-07T22:27:34.470000,1.6,-1,
-117.531,35.683834,3.26,2019-07-07T22:33:21.380000,1.15,-1,
-117.65833,35.821167,2.8,2019-07-07T22:35:23.510000,5.89,-1,
-117.46,35.606834,2.5,2019-07-07T22:42:47.350000,2.05,-1,
-117.55334,35.6415,3.38,2019-07-07T22:52:52.870000,7.12,-1,
-117.40967,35.545834,2.98,2019-07-07T23:02:24.450000,2.31,-1,
-117.70983,35.8705,2.73,2019-07-07T23:21:35.660000,6.95,-1,
-117.541,35.684834,2.52,2019-07-07T23:33:28.360000,9.65,-1,
-117.67133,35.8285,3.93,2019-07-07T23:36:56.970000,4.0,-1,
-117.3845,35.55633,3.41,2019-07-07T23:44:57.600000,7.8,-1,
-117.4895,35.6735,3.2,2019-07-07T23:45:25.600000,2.61,-1,
-117.66483,35.830166,3.01,2019-07-08T00:13:25.840000,4.28,-1,
-117.369,35.5765,2.76,2019-07-08T00:29:31.480000,0.17,-1,
-117.882835,36.1125,3.76,2019-07-08T01:36:58.200000,1.93,-1,
-117.874664,36.108,2.78,2019-07-08T01:38:21.110000,5.18,-1,
-117.72967,35.888332,2.54,2019-07-08T01:57:20.300000,2.31,-1,
-117.5435,35.731335,2.81,2019-07-08T02:24:15.680000,6.89,-1,
-117.49617,35.670166,2.64,2019-07-08T02:42:29.080000,6.91,-1,
-117.7305,35.8875,2.68,2019-07-08T02:46:22.330000,3.45,-1,
-117.503334,35.665,3.11,2019-07-08T03:12:26.650000,7.29,-1,
-117.842834,35.3745,2.67,2019-07-08T03:15:15.010000,3.01,-1,
-117.528336,35.71583,2.5,2019-07-08T03:37:02.590000,1.84,-1,
-117.6995,35.900166,2.58,2019-07-08T03:51:36.220000,2.09,-1,
-117.527,35.65917,2.58,2019-07-08T03:52:01.810000,1.32,-1,
-117.87867,36.113,2.73,2019-07-08T03:54:14.460000,5.31,-1,
-117.3875,35.607834,3.01,2019-07-08T04:03:07.860000,2.33,-1,
-117.88316,36.11767,2.69,2019-07-08T04:29:09.650000,5.65,-1,
-117.86417,36.12583,2.82,2019-07-08T04:39:49.310000,3.77,-1,
-117.84683,36.020832,2.56,2019-07-08T04:43:16.140000,1.89,-1,
-117.42267,35.6445,2.83,2019-07-08T04:49:48.160000,5.02,-1,
-117.88583,36.117832,2.5,2019-07-08T04:53:58.400000,-0.07,-1,
-117.28467,35.958668,2.82,2019-07-08T04:59:54.530000,5.03,-1,
-117.72283,35.8715,3.13,2019-07-08T05:02:10.470000,6.27,-1,
-117.73,35.892166,2.51,2019-07-08T05:13:38.180000,1.85,-1,
-117.54733,35.676334,3.09,2019-07-08T05:15:02.760000,3.95,-1,
-117.73867,35.914,2.68,2019-07-08T05:18:54.440000,2.64,-1,
-117.722336,35.949665,3.19,2019-07-08T05:24:16.760000,2.05,-1,
-117.72083,35.8715,2.72,2019-07-08T05:43:10.600000,0.13,-1,
-117.713165,35.872,3.55,2019-07-08T05:54:05.190000,7.88,-1,
-117.875,36.166,2.51,2019-07-08T06:10:21.030000,2.68,-1,
-117.275665,35.961334,3.04,2019-07-08T06:18:08.290000,0.41,-1,
-117.5675,35.729,3.15,2019-07-08T06:45:16.620000,6.24,-1,
-117.72633,35.893,2.67,2019-07-08T06:47:20.570000,2.38,-1,
-117.3785,35.545834,3.4,2019-07-08T07:18:34.640000,2.02,-1,
-117.48983,35.683334,2.59,2019-07-08T07:28:32.090000,8.4,-1,
-117.8755,36.158,3.54,2019-07-08T07:31:58.410000,2.62,-1,
-117.4445,35.638,2.59,2019-07-08T07:42:20.920000,6.42,-1,
-117.8515,36.0525,2.78,2019-07-08T07:52:28.120000,1.51,-1,
-117.55167,35.690834,2.89,2019-07-08T08:07:38.290000,0.27,-1,
-117.4055,35.5655,2.5,2019-07-08T08:12:33.340000,3.21,-1,
-117.85533,36.126335,2.62,2019-07-08T08:18:08.640000,4.68,-1,
-117.85983,36.119167,3.9,2019-07-08T08:20:02.420000,2.88,-1,
-117.349,35.534832,2.73,2019-07-08T09:00:20.790000,2.0,-1,
-117.569664,35.764168,2.71,2019-07-08T09:17:28.080000,6.71,-1,
-117.478,35.6835,2.68,2019-07-08T09:37:07.270000,2.35,-1,
-117.464165,35.650665,3.5,2019-07-08T09:57:11.030000,8.76,-1,
-117.39333,35.567,2.52,2019-07-08T10:07:15.700000,4.84,-1,
-117.85267,36.118,2.71,2019-07-08T10:11:22.900000,4.92,-1,
-117.731,35.901333,2.8,2019-07-08T10:44:12.710000,5.26,-1,
-117.708336,35.906666,3.21,2019-07-08T11:23:22.660000,4.59,-1,
-117.847336,36.030834,2.89,2019-07-08T11:25:48.210000,1.93,-1,
-117.71983,35.943,2.95,2019-07-08T11:34:56.010000,1.88,-1,
-117.73417,35.898335,2.78,2019-07-08T11:45:02.810000,2.58,-1,
-117.436165,35.6225,2.61,2019-07-08T12:07:38.790000,8.07,-1,
-117.436,35.62467,3.55,2019-07-08T12:14:57.880000,7.14,-1,
-117.523834,35.671165,3.26,2019-07-08T12:21:28.520000,8.98,-1,
-117.86183,36.058666,2.65,2019-07-08T12:38:36.170000,-0.26,-1,
-117.568665,35.715668,3.07,2019-07-08T12:42:38.190000,6.1,-1,
-117.8455,36.027668,2.62,2019-07-08T12:59:28.640000,1.98,-1,
-117.68567,35.9285,2.64,2019-07-08T13:03:48.910000,2.7,-1,
-117.90483,36.0385,2.92,2019-07-08T13:25:35.630000,27.72,-1,
-117.34883,36.042,2.71,2019-07-08T13:29:06.580000,7.62,-1,
-117.37683,35.550667,2.67,2019-07-08T13:39:06.960000,2.75,-1,
-117.394,35.559,3.02,2019-07-08T13:58:19.250000,2.06,-1,
-117.374,35.584667,2.85,2019-07-08T14:09:19.620000,2.69,-1,
-117.6045,35.774166,2.61,2019-07-08T14:27:20.220000,8.72,-1,
-117.48617,35.659,3.18,2019-07-08T14:31:01.360000,3.71,-1,
-117.35367,36.038166,2.61,2019-07-08T14:52:54.750000,4.1,-1,
-117.736664,35.911835,2.6,2019-07-08T15:35:47.970000,2.31,-1,
-117.51217,35.679,3.83,2019-07-08T16:04:28.110000,1.91,-1,
-117.43117,35.6205,3.33,2019-07-08T16:09:57.620000,2.31,-1,
-117.68567,35.874332,2.66,2019-07-08T16:11:32.540000,8.43,-1,
-117.69867,35.935333,2.54,2019-07-08T16:15:12.040000,2.23,-1,
-117.727165,35.891666,2.88,2019-07-08T16:22:36.680000,4.11,-1,
-117.72467,35.891834,2.95,2019-07-08T16:22:53.220000,3.64,-1,
-117.56467,35.74383,3.04,2019-07-08T16:31:08.800000,7.04,-1,
-117.682335,35.868332,2.78,2019-07-08T16:45:26.190000,3.03,-1,
-117.50117,35.670334,2.54,2019-07-08T16:55:10.250000,1.46,-1,
-117.544334,35.698666,2.55,2019-07-08T17:02:33.940000,1.97,-1,
-117.45983,35.65867,2.55,2019-07-08T17:05:03.360000,2.14,-1,
-117.7305,35.895832,2.54,2019-07-08T17:30:03.560000,2.67,-1,
-117.85934,36.127167,2.73,2019-07-08T17:48:02.600000,3.82,-1,
-117.50217,35.668835,3.52,2019-07-08T17:50:01.350000,0.89,-1,
-117.854836,36.054832,2.87,2019-07-08T17:50:48.550000,1.44,-1,
-117.31067,35.554,3.81,2019-07-08T17:53:47.190000,7.36,-1,
-117.564,35.740166,3.04,2019-07-08T18:03:54.630000,3.04,-1,
-117.494835,35.6715,3.03,2019-07-08T18:10:19.670000,1.73,-1,
-117.68833,35.916668,2.94,2019-07-08T18:20:57.690000,2.45,-1,
-117.68667,35.921333,2.93,2019-07-08T18:21:27.210000,2.51,-1,
-117.73333,35.93133,3.2,2019-07-08T19:45:21.990000,7.71,-1,
-117.850334,36.052834,2.77,2019-07-08T19:47:56.620000,1.86,-1,
-117.58767,35.771,2.72,2019-07-08T20:29:54.850000,3.31,-1,
-117.736664,35.912,2.62,2019-07-08T20:42:15.650000,2.38,-1,
-117.3995,35.595833,2.81,2019-07-08T20:49:34.030000,0.17,-1,
-117.6975,35.911335,2.66,2019-07-08T21:05:58.700000,2.29,-1,
-117.63966,35.813168,2.62,2019-07-08T21:33:37,4.12,-1,
-117.44967,35.646,2.89,2019-07-08T21:48:53.380000,2.73,-1,
-117.31133,35.929,3.15,2019-07-08T22:18:49.280000,6.05,-1,
-117.43317,35.627335,2.74,2019-07-08T22:25:39.700000,4.51,-1,
-117.695335,35.890335,2.67,2019-07-08T22:36:23.760000,4.43,-1,
-117.5835,35.623333,3.1,2019-07-08T22:57:35.280000,11.06,-1,
-117.84717,36.0485,3.46,2019-07-08T22:57:40.970000,1.67,-1,
-117.43017,35.62467,3.15,2019-07-08T23:23:41.620000,3.77,-1,
-117.69867,35.8545,2.63,2019-07-08T23:50:58.960000,4.41,-1,
-117.513,35.680668,3.31,2019-07-09T00:00:01.040000,5.73,-1,
-117.477165,35.661667,2.78,2019-07-09T00:20:18.820000,3.07,-1,
-117.694,35.863,3.2,2019-07-09T00:57:30.760000,7.84,-1,
-117.35883,35.53367,2.53,2019-07-09T01:21:10.440000,3.66,-1,
-117.833336,36.110332,2.65,2019-07-09T01:28:26.360000,2.55,-1,
-117.443,35.643166,2.54,2019-07-09T01:41:58.120000,4.57,-1,
-117.45966,35.921665,3.56,2019-07-09T04:02:54.100000,7.1,-1,
-117.55033,35.710835,2.92,2019-07-09T04:32:11.350000,4.26,-1,
-117.607834,35.769833,2.57,2019-07-09T05:17:45.870000,7.6,-1,
-117.73233,35.90217,2.67,2019-07-09T05:25:13.850000,3.36,-1,
-117.538,35.683666,3.0,2019-07-09T05:28:15.830000,9.75,-1,
-117.69583,35.929333,2.79,2019-07-09T05:45:15.740000,2.03,-1,
-117.46333,35.7115,2.8,2019-07-09T05:53:46.230000,15.45,-1,
-117.83217,36.11183,2.84,2019-07-09T05:54:04.480000,2.17,-1,
-117.51017,35.651,2.55,2019-07-09T06:05:48.630000,2.37,-1,
-117.687,35.897167,3.01,2019-07-09T06:24:10.860000,1.9,-1,
-117.506836,35.713833,2.68,2019-07-09T06:36:26.430000,0.33,-1,
-117.69,35.857834,2.59,2019-07-09T06:40:27.580000,5.68,-1,
-117.3202,39.8419,2.7,2019-07-09T06:50:33.237000,2.2,-1,
-117.6995,35.87467,2.53,2019-07-09T07:01:00.460000,2.15,-1,
-117.673164,35.900333,3.17,2019-07-09T07:04:16.320000,8.07,-1,
-117.573,35.737667,2.83,2019-07-09T07:54:06.210000,1.95,-1,
-117.68433,35.896168,2.52,2019-07-09T07:54:44.420000,4.29,-1,
-117.6135,35.780666,3.58,2019-07-09T08:17:31.640000,7.73,-1,
-117.670166,35.847,2.96,2019-07-09T08:18:08.340000,3.19,-1,
-117.869835,36.026165,3.15,2019-07-09T08:23:46.920000,1.46,-1,
-117.53167,35.671665,2.86,2019-07-09T08:49:58.600000,7.41,-1,
-117.545166,35.6625,3.11,2019-07-09T09:11:15.480000,7.98,-1,
-117.68733,35.877834,3.16,2019-07-09T09:22:32.010000,2.66,-1,
-117.556,35.684166,2.57,2019-07-09T09:23:16.180000,8.57,-1,
-117.502,35.666832,2.63,2019-07-09T09:31:02.070000,3.53,-1,
-117.498665,35.719833,2.71,2019-07-09T10:20:41.300000,0.64,-1,
-117.67783,35.956,3.54,2019-07-09T10:21:52.290000,0.76,-1,
-117.54117,35.683666,3.0,2019-07-09T10:41:31.890000,4.58,-1,
-117.56917,35.75,2.65,2019-07-09T10:50:46.860000,7.93,-1,
-117.385666,35.980167,2.56,2019-07-09T11:39:24.420000,2.68,-1,
-117.64733,35.820168,2.73,2019-07-09T11:56:42.040000,2.95,-1,
-117.699,35.866165,2.6,2019-07-09T12:17:36.970000,4.26,-1,
-117.4845,35.674168,3.47,2019-07-09T12:58:21.670000,2.11,-1,
-117.385666,35.545334,3.22,2019-07-09T13:28:47.730000,-0.04,-1,
-117.52883,35.69367,2.77,2019-07-09T14:18:33.350000,6.92,-1,
-117.7025,35.950832,2.57,2019-07-09T14:20:57.200000,3.52,-1,
-117.54017,35.658833,2.8,2019-07-09T15:09:27.080000,9.01,-1,
-117.73583,35.924168,2.9,2019-07-09T15:10:59.020000,8.68,-1,
-117.6905,35.953335,2.67,2019-07-09T15:23:21.020000,3.25,-1,
-117.3615,35.572834,3.49,2019-07-09T15:40:45.400000,1.82,-1,
-117.709335,35.892166,3.46,2019-07-09T16:47:03.150000,7.02,-1,
-117.492836,35.700832,3.55,2019-07-09T17:11:28.690000,8.64,-1,
-117.48534,35.656,2.56,2019-07-09T17:44:07.050000,1.27,-1,
-117.548164,35.727833,3.47,2019-07-09T18:37:37.410000,9.11,-1,
-117.6885,35.921165,3.0,2019-07-09T18:41:16.060000,6.15,-1,
-117.496666,35.681835,2.52,2019-07-09T19:44:26.860000,4.83,-1,
-117.71817,35.90167,3.12,2019-07-09T19:49:50.570000,2.3,-1,
-117.84634,36.0865,2.57,2019-07-09T19:51:22.740000,1.28,-1,
-117.56683,35.677166,2.59,2019-07-09T19:56:50.420000,0.27,-1,
-117.677666,35.963665,2.69,2019-07-09T20:04:08.200000,1.99,-1,
-117.547165,35.665833,2.61,2019-07-09T20:59:19.320000,2.89,-1,
-117.62783,35.81167,2.88,2019-07-09T21:35:07.660000,1.63,-1,
-117.727165,35.893833,3.25,2019-07-09T21:35:39.250000,7.66,-1,
-117.86567,36.212166,2.78,2019-07-09T21:47:46.110000,1.72,-1,
-117.7015,35.886333,3.33,2019-07-09T21:52:49.350000,4.97,-1,
-117.73167,35.923832,2.52,2019-07-09T22:44:59.640000,1.91,-1,
-117.703835,35.863667,2.67,2019-07-09T22:54:02.910000,4.44,-1,
-117.65517,35.888832,2.84,2019-07-09T23:04:57.670000,2.7,-1,
-117.71716,35.889,2.54,2019-07-09T23:12:06.170000,4.94,-1,
-117.705666,35.919167,2.7,2019-07-09T23:16:01.140000,-0.12,-1,
-117.7245,35.889,2.73,2019-07-09T23:16:01.960000,3.16,-1,
-117.7155,35.910667,2.7,2019-07-09T23:22:16.710000,2.02,-1,
-117.844666,36.055332,2.6,2019-07-09T23:44:07.240000,1.18,-1,
-117.58517,35.765835,2.52,2019-07-09T23:47:30.220000,3.15,-1,
-117.5735,35.720833,2.71,2019-07-09T23:52:13.350000,8.72,-1,
-117.67633,35.8775,2.66,2019-07-10T00:21:22.480000,2.73,-1,
-117.852165,36.063667,2.5,2019-07-10T00:24:18.250000,-0.21,-1,
-117.523834,35.682167,2.52,2019-07-10T00:37:51.460000,8.47,-1,
-117.847,36.057835,4.07,2019-07-10T00:48:17.570000,1.74,-1,
-117.85567,36.0535,2.71,2019-07-10T00:53:25.760000,1.77,-1,
-117.847,36.0595,2.89,2019-07-10T00:58:38.300000,1.98,-1,
-117.450836,35.633,2.53,2019-07-10T01:16:42.210000,1.47,-1,
-117.69017,35.901833,3.96,2019-07-10T01:43:02.630000,2.48,-1,
-117.6865,35.907166,2.56,2019-07-10T01:44:54.900000,2.55,-1,
-117.687,35.906834,2.88,2019-07-10T01:47:18.750000,2.57,-1,
-117.93816,35.34667,2.9,2019-07-10T01:58:59.140000,0.9,-1,
-117.52683,35.69533,2.67,2019-07-10T02:33:43.690000,9.59,-1,
-117.452835,35.642166,3.56,2019-07-10T03:42:54.950000,10.95,-1,
-117.68266,35.945667,3.03,2019-07-10T04:14:11.790000,3.41,-1,
-117.4605,35.613,2.55,2019-07-10T06:19:33.550000,9.4,-1,
-117.88167,36.118,2.82,2019-07-10T06:20:05.770000,4.03,-1,
-117.7065,35.9075,2.56,2019-07-10T06:21:45.580000,2.12,-1,
-117.855835,36.052166,2.99,2019-07-10T06:24:16.010000,1.53,-1,
-117.84866,36.057167,3.69,2019-07-10T07:05:26.250000,1.68,-1,
-117.72317,35.942,3.03,2019-07-10T07:22:43,2.48,-1,
-117.626,35.826332,2.6,2019-07-10T07:23:28.620000,2.48,-1,
-117.842,36.059334,2.88,2019-07-10T08:21:32.670000,1.6,-1,
-117.54833,35.641335,2.76,2019-07-10T08:51:33.550000,8.19,-1,
-117.5905,35.764668,2.66,2019-07-10T09:08:37.440000,5.99,-1,
-117.456665,35.614166,2.53,2019-07-10T09:09:51.990000,8.05,-1,
-117.54867,35.72283,2.54,2019-07-10T09:13:35.500000,8.1,-1,
-117.616,35.7915,3.01,2019-07-10T09:21:18.110000,6.9,-1,
-117.498,35.663334,3.08,2019-07-10T09:32:08.300000,3.3,-1,
-117.70517,35.88283,2.65,2019-07-10T09:45:52.730000,8.05,-1,
-117.7615,36.033333,3.15,2019-07-10T10:04:20.770000,2.14,-1,
-117.569,35.623333,2.62,2019-07-10T10:13:09.650000,6.18,-1,
-117.5925,35.775665,2.56,2019-07-10T10:18:28.990000,7.43,-1,
-117.68467,35.863667,3.44,2019-07-10T10:58:05.010000,2.87,-1,
-117.382164,35.603,2.51,2019-07-10T11:28:54.320000,2.69,-1,
-117.727,35.888332,2.63,2019-07-10T11:35:57.410000,2.81,-1,
-117.70683,35.8765,3.81,2019-07-10T12:00:05.100000,4.43,-1,
-117.709,35.875168,2.74,2019-07-10T12:00:34.750000,3.79,-1,
-117.5215,35.649834,2.55,2019-07-10T12:10:18.010000,2.82,-1,
-117.856834,36.049835,4.13,2019-07-10T12:28:56.960000,1.88,-1,
-117.454834,35.678333,2.51,2019-07-10T12:49:12.080000,9.33,-1,
-117.85233,36.0555,3.11,2019-07-10T12:49:26.790000,1.5,-1,
-117.53017,35.7245,3.23,2019-07-10T13:02:18.710000,8.66,-1,
-117.70067,35.887833,2.71,2019-07-10T13:10:02.440000,7.97,-1,
-117.48317,35.6425,3.24,2019-07-10T13:23:09.180000,3.22,-1,
-117.55783,35.7655,3.28,2019-07-10T13:38:57.410000,8.33,-1,
-117.678,35.829666,2.58,2019-07-10T14:03:18.430000,7.54,-1,
-117.862,36.04817,3.52,2019-07-10T14:53:06.020000,1.0,-1,
-117.861,36.0505,3.05,2019-07-10T14:54:00.390000,1.72,-1,
-117.684166,35.8715,3.56,2019-07-10T15:02:04.400000,2.74,-1,
-117.482834,35.964333,2.82,2019-07-10T15:03:08.030000,4.19,-1,
-117.513,35.670666,3.2,2019-07-10T15:09:24.650000,7.42,-1,
-117.36083,35.561,2.85,2019-07-10T15:52:32.280000,8.66,-1,
-117.639336,35.822666,3.41,2019-07-10T16:01:38.130000,2.81,-1,
-117.555,35.676834,2.79,2019-07-10T16:52:00.650000,7.06,-1,
-117.84717,36.051,2.81,2019-07-10T16:55:15.760000,2.33,-1,
-117.84683,36.047832,2.61,2019-07-10T16:56:55.210000,2.29,-1,
-117.78067,35.984665,3.24,2019-07-10T17:43:21.520000,7.46,-1,
-117.78067,35.98033,2.92,2019-07-10T17:43:21.710000,4.54,-1,
-117.446335,35.639668,2.76,2019-07-10T17:46:15.860000,6.44,-1,
-117.8625,36.2145,2.53,2019-07-10T18:47:58.070000,1.01,-1,
-117.88233,36.166,4.09,2019-07-10T18:49:01.430000,1.18,-1,
-117.87483,36.167667,3.7,2019-07-10T18:51:35.270000,1.54,-1,
-117.874664,36.152,2.61,2019-07-10T18:53:24.770000,3.32,-1,
-117.826,36.120834,3.3,2019-07-10T19:15:02.480000,2.18,-1,
-117.716,35.8945,2.58,2019-07-10T19:29:02.930000,2.2,-1,
-117.827835,36.114334,2.71,2019-07-10T19:44:11.250000,2.45,-1,
-117.523834,35.6655,4.17,2019-07-10T20:09:51.960000,9.29,-1,
-117.505165,35.6515,2.67,2019-07-10T20:10:41.820000,3.11,-1,
-117.463165,35.613834,2.89,2019-07-10T20:39:45.470000,2.14,-1,
-117.6935,35.863667,2.78,2019-07-10T21:01:36.780000,5.03,-1,
-117.52167,35.5695,2.98,2019-07-10T21:40:58.470000,9.74,-1,
-117.708,35.91,2.98,2019-07-10T21:52:25.450000,1.91,-1,
-117.4565,35.671333,3.14,2019-07-10T22:15:39.050000,5.08,-1,
-117.88433,36.172832,3.87,2019-07-10T22:15:48.260000,0.81,-1,
-117.41417,35.669334,2.59,2019-07-10T22:21:56.110000,9.01,-1,
-117.5395,35.7175,2.68,2019-07-10T23:16:39.540000,6.49,-1,
-117.83134,36.07033,2.5,2019-07-10T23:30:54.990000,0.34,-1,
-117.90033,35.365,2.94,2019-07-10T23:33:43.610000,0.76,-1,
-117.73517,35.912167,2.78,2019-07-10T23:33:45.640000,2.71,-1,
-117.51183,35.6745,2.83,2019-07-10T23:34:13.670000,9.64,-1,
-117.284836,35.9575,3.0,2019-07-10T23:35:43.650000,4.51,-1,
-117.43833,35.616333,3.26,2019-07-10T23:48:43.340000,7.65,-1,
-117.48983,35.6725,3.62,2019-07-10T23:58:59.130000,3.06,-1,
-117.88416,36.174,3.09,2019-07-11T00:08:54.460000,0.42,-1,
-117.515,35.573334,2.57,2019-07-11T00:10:54.850000,10.56,-1,
-117.866165,36.1565,2.68,2019-07-11T00:11:41.590000,1.97,-1,
-117.884,36.176834,4.52,2019-07-11T00:14:37.310000,0.89,-1,
-117.87583,36.15333,4.37,2019-07-11T00:15:39.230000,2.21,-1,
-117.88966,36.1765,3.4,2019-07-11T00:20:19.890000,-0.57,-1,
-117.7215,35.885166,2.95,2019-07-11T00:35:44.360000,2.3,-1,
-117.87666,36.179333,3.07,2019-07-11T00:42:53.310000,2.57,-1,
-117.72317,36.044334,3.35,2019-07-11T00:46:09.520000,0.43,-1,
-117.71017,35.874332,2.75,2019-07-11T01:14:10.060000,6.03,-1,
-117.85667,36.03417,3.21,2019-07-11T01:21:50.780000,1.68,-1,
-117.68433,35.892334,2.53,2019-07-11T01:25:32.920000,2.47,-1,
-117.72117,35.9445,3.51,2019-07-11T02:35:22.460000,2.44,-1,
-117.66583,35.8765,2.77,2019-07-11T02:57:36.330000,10.34,-1,
-117.6755,35.866665,2.67,2019-07-11T02:57:36.570000,6.38,-1,
-117.8675,36.159668,2.57,2019-07-11T03:19:24.580000,2.35,-1,
-117.84617,36.052,2.74,2019-07-11T03:45:53.460000,2.4,-1,
-117.84883,36.056168,4.3,2019-07-11T04:10:01.380000,2.2,-1,
-117.7225,35.946167,2.51,2019-07-11T04:15:35.480000,2.54,-1,
-117.851,36.06217,3.45,2019-07-11T04:18:49.310000,0.89,-1,
-117.878334,36.177666,2.98,2019-07-11T04:29:54.490000,2.2,-1,
-117.2825,35.9585,3.57,2019-07-11T04:45:31.100000,5.05,-1,
-117.28083,35.959167,2.84,2019-07-11T04:46:25.250000,4.16,-1,
-117.28167,35.962334,2.71,2019-07-11T04:46:44.650000,6.03,-1,
-117.28433,35.961334,3.55,2019-07-11T05:03:46.190000,4.14,-1,
-117.87,36.059,2.56,2019-07-11T05:42:33.130000,2.23,-1,
-117.48434,35.6445,2.7,2019-07-11T05:42:37.490000,8.89,-1,
-117.34967,36.038666,2.81,2019-07-11T05:43:36.080000,2.14,-1,
-117.69283,35.891834,2.74,2019-07-11T05:52:32.820000,2.46,-1,
-117.43266,35.6415,2.7,2019-07-11T05:52:56.250000,1.54,-1,
-117.88233,36.179165,4.02,2019-07-11T07:04:06.010000,1.89,-1,
-117.495834,35.717667,2.69,2019-07-11T07:19:35.370000,2.79,-1,
-117.883,36.179,3.53,2019-07-11T07:19:50.010000,1.58,-1,
-117.463165,35.611168,2.85,2019-07-11T07:28:07.410000,9.53,-1,
-117.509834,35.669834,2.59,2019-07-11T07:32:22.430000,6.12,-1,
-117.464,35.65867,3.28,2019-07-11T07:55:56.400000,3.29,-1,
-117.709,35.897835,3.48,2019-07-11T08:48:02.410000,9.11,-1,
-117.723,36.0485,3.48,2019-07-11T10:26:29.870000,0.52,-1,
-117.72017,36.043667,3.17,2019-07-11T10:27:24.420000,0.23,-1,
-117.727165,36.046833,3.55,2019-07-11T10:43:35.390000,0.77,-1,
-117.62583,35.825832,2.65,2019-07-11T10:51:59.680000,1.97,-1,
-117.377335,35.9445,3.67,2019-07-11T10:59:45.720000,-0.35,-1,
-117.49617,35.70933,2.75,2019-07-11T11:16:43.100000,2.34,-1,
-117.87933,36.1565,3.13,2019-07-11T11:17:27.630000,0.93,-1,
-117.42133,35.617332,2.99,2019-07-11T11:37:33.850000,2.45,-1,
-117.885,36.1855,2.72,2019-07-11T11:39:38.060000,1.44,-1,
-117.3805,35.542,2.66,2019-07-11T12:07:56.140000,4.29,-1,
-117.87984,36.083332,2.97,2019-07-11T12:20:04.600000,1.1,-1,
-117.37984,35.946,3.52,2019-07-11T12:20:42.160000,0.14,-1,
-117.382835,35.9465,2.67,2019-07-11T12:21:53.250000,1.63,-1,
-117.87767,36.177334,2.68,2019-07-11T12:54:11.420000,2.78,-1,
-117.6425,35.821335,3.14,2019-07-11T13:13:13.570000,7.09,-1,
-117.37383,35.948166,2.51,2019-07-11T14:05:52,2.45,-1,
-117.677,35.933,2.71,2019-07-11T15:16:12.630000,2.13,-1,
-117.86967,36.152,2.75,2019-07-11T15:22:51.210000,-0.01,-1,
-117.515,35.688835,3.81,2019-07-11T15:32:44.930000,7.14,-1,
-117.87883,36.152832,3.87,2019-07-11T15:32:52.120000,0.14,-1,
-117.559,35.753334,3.12,2019-07-11T15:51:00.370000,10.56,-1,
-117.883,36.182835,3.26,2019-07-11T15:51:06.290000,-0.2,-1,
-117.88167,36.18133,3.72,2019-07-11T16:19:08.670000,-0.86,-1,
-117.8555,36.183666,3.19,2019-07-11T16:40:48.160000,-0.04,-1,
-117.50916,35.70233,3.53,2019-07-11T16:41:08.430000,1.31,-1,
-117.69067,35.937332,2.64,2019-07-11T17:23:24.900000,2.35,-1,
-117.482,35.9635,3.06,2019-07-11T17:31:03.910000,0.55,-1,
-117.74184,35.8665,2.5,2019-07-11T17:47:53.560000,8.42,-1,
-117.472664,35.96583,2.54,2019-07-11T18:12:25.720000,0.44,-1,
-117.3565,35.758167,2.54,2019-07-11T18:13:01.350000,0.27,-1,
-117.87517,36.188,2.61,2019-07-11T19:07:33.960000,2.35,-1,
-117.714,36.044,2.62,2019-07-11T19:13:33.230000,0.7,-1,
-117.37417,35.945,2.64,2019-07-11T19:14:57.440000,2.8,-1,
-117.67233,35.849667,2.77,2019-07-11T19:50:54.150000,7.93,-1,
-117.551834,35.729168,2.66,2019-07-11T21:36:39.520000,4.18,-1,
-117.449,35.746834,2.67,2019-07-11T21:42:35.360000,29.59,-1,
-117.893,36.190166,2.54,2019-07-11T21:42:43.360000,0.71,-1,
-117.8895,36.182167,2.65,2019-07-11T22:37:57.130000,-0.32,-1,
-117.888,36.175667,2.56,2019-07-11T23:21:12.780000,0.84,-1,
-117.75117,35.941666,2.96,2019-07-11T23:37:27.260000,1.13,-1,
-117.70367,35.950165,4.13,2019-07-11T23:45:18.680000,3.52,-1,
-117.32433,35.552334,3.02,2019-07-11T23:47:01.470000,4.78,-1,
-117.38617,35.538334,3.29,2019-07-11T23:51:09,4.2,-1,
-117.7005,35.945168,3.64,2019-07-11T23:52:32.250000,2.82,-1,
-117.37566,35.946,3.09,2019-07-12T00:08:06.460000,-0.05,-1,
-117.35,36.032665,2.89,2019-07-12T01:24:08.820000,3.39,-1,
-117.88633,36.18017,3.65,2019-07-12T02:18:30.060000,0.65,-1,
-117.88033,36.189335,2.61,2019-07-12T02:45:22.540000,-0.32,-1,
-117.70617,35.868332,3.05,2019-07-12T03:26:23.570000,3.91,-1,
-117.38,35.944,3.94,2019-07-12T03:27:53.670000,1.29,-1,
-117.7245,35.88983,3.26,2019-07-12T03:32:17.400000,2.93,-1,
-117.884,36.1815,3.26,2019-07-12T04:11:59.900000,1.82,-1,
-117.525665,35.698166,3.15,2019-07-12T04:30:14.560000,7.97,-1,
-117.3755,35.94483,2.66,2019-07-12T04:46:24.160000,1.19,-1,
-117.84583,36.07683,2.53,2019-07-12T05:59:00.460000,1.22,-1,
-117.419,35.618,2.76,2019-07-12T06:49:05.420000,7.0,-1,
-117.893166,36.2005,2.7,2019-07-12T07:55:00.270000,2.17,-1,
-117.37717,35.547,3.06,2019-07-12T07:56:02.990000,4.07,-1,
-117.527664,35.710167,2.81,2019-07-12T07:56:25.670000,10.44,-1,
-117.46716,35.663834,2.74,2019-07-12T09:27:57,10.8,-1,
-117.54733,35.705,2.88,2019-07-12T11:02:09,3.68,-1,
-117.882164,36.198666,2.53,2019-07-12T12:24:33.810000,2.28,-1,
-117.69883,35.941334,2.54,2019-07-12T13:00:15.500000,2.56,-1,
-117.585335,35.638332,4.9,2019-07-12T13:11:37.980000,9.95,-1,
-117.583336,35.635334,3.14,2019-07-12T13:13:19.230000,11.25,-1,
-117.59634,35.62417,2.83,2019-07-12T13:13:34.080000,8.15,-1,
-117.4135,35.745,2.53,2019-07-12T13:14:16.770000,10.23,-1,
-117.485664,35.527832,2.77,2019-07-12T16:17:22.900000,8.11,-1,
-117.453835,35.642834,2.52,2019-07-12T16:22:54.510000,9.64,-1,
-117.56033,35.717167,2.69,2019-07-12T16:42:41.690000,5.4,-1,
-117.35067,35.576,2.59,2019-07-12T18:02:01.930000,2.34,-1,
-117.70634,35.927,2.81,2019-07-12T19:15:30.530000,2.37,-1,
-117.75166,35.95717,2.85,2019-07-12T19:57:59.740000,0.68,-1,
-117.64716,35.821167,2.53,2019-07-12T20:33:26.030000,0.44,-1,
-117.819336,36.0995,2.65,2019-07-12T20:47:32.130000,1.49,-1,
-117.523834,35.685165,3.05,2019-07-12T23:23:38.870000,6.57,-1,
-117.54767,35.63283,2.51,2019-07-12T23:33:09.500000,5.95,-1,
-117.575836,35.749,2.5,2019-07-13T00:36:16.300000,1.04,-1,
-117.71183,35.916,2.6,2019-07-13T01:10:11.730000,9.31,-1,
-117.56834,35.75083,3.19,2019-07-13T01:16:52.500000,4.47,-1,
-117.563,35.724,2.52,2019-07-13T02:06:22.720000,9.81,-1,
-117.537834,35.663666,2.8,2019-07-13T02:47:44.270000,9.04,-1,
